;Time series input for frog model, Example Site
; Contains flow (m3/s) and water temperature (C),,
; DO NOT CHANGE variable names in row 5!
; Times must be in m/d/yyyy h:mm format!,,
Time,flow,temperature
1/1/2009 0:00,24.36,8.7
1/2/2009 0:00,33.64,8.4
1/3/2009 0:00,46.06,8.5
1/4/2009 0:00,31.43,9.0
1/5/2009 0:00,27.11,8.9
1/6/2009 0:00,25.83,8.9
1/7/2009 0:00,25.29,9.6
1/8/2009 0:00,26.29,9.4
1/9/2009 0:00,25.61,8.0
1/10/2009 0:00,23.19,8.8
1/11/2009 0:00,20.37,8.7
1/12/2009 0:00,18.62,8.4
1/13/2009 0:00,18.51,8.2
1/14/2009 0:00,18.65,8.4
1/15/2009 0:00,18.05,8.2
1/16/2009 0:00,17.16,8.0
1/17/2009 0:00,16.26,7.8
1/18/2009 0:00,15.3,8.1
1/19/2009 0:00,14.3,8.6
1/20/2009 0:00,13.37,8.7
1/21/2009 0:00,12.55,6.8
1/22/2009 0:00,12.95,8.9
1/23/2009 0:00,13.34,10.9
1/24/2009 0:00,13.2,8.5
1/25/2009 0:00,12.87,8.5
1/26/2009 0:00,12.38,8.0
1/27/2009 0:00,11.7,7.4
1/28/2009 0:00,11.13,9.5
1/29/2009 0:00,10.66,8.8
1/30/2009 0:00,10.16,9.5
1/31/2009 0:00,9.73,9.2
2/1/2009 0:00,9.45,9.5
2/2/2009 0:00,9.13,9.4
2/3/2009 0:00,8.95,10.1
2/4/2009 0:00,8.7,8.9
2/5/2009 0:00,8.7,9.5
2/6/2009 0:00,10.88,10.7
2/7/2009 0:00,12.16,7.9
2/8/2009 0:00,11.55,7.7
2/9/2009 0:00,10.77,6.9
2/10/2009 0:00,10.34,5.7
2/11/2009 0:00,11.34,5.2
2/12/2009 0:00,11.8,7.8
2/13/2009 0:00,12.66,6.7
2/14/2009 0:00,14.02,6.9
2/15/2009 0:00,17.33,7.1
2/16/2009 0:00,21.9,8.4
2/17/2009 0:00,21.65,7.8
2/18/2009 0:00,19.94,7.9
2/19/2009 0:00,19.19,9.7
2/20/2009 0:00,20.05,11.1
2/21/2009 0:00,21.9,9.9
2/22/2009 0:00,137.4,8.4
2/23/2009 0:00,282.25,9.1
2/24/2009 0:00,246.93,8.2
2/25/2009 0:00,134.9,8.6
2/26/2009 0:00,123.48,7.9
2/27/2009 0:00,102.43,8.4
2/28/2009 0:00,78.88,8.1
3/1/2009 0:00,97.79,7.5
3/2/2009 0:00,286.53,7.5
3/3/2009 0:00,287.6,4.7
3/4/2009 0:00,186.63,6.3
3/5/2009 0:00,131.33,6.3
3/6/2009 0:00,100.65,7.7
3/7/2009 0:00,82.09,6.6
3/8/2009 0:00,70.67,7.4
3/9/2009 0:00,62.11,5.4
3/10/2009 0:00,53.91,8.5
3/11/2009 0:00,48.2,8.6
3/12/2009 0:00,43.92,9.9
3/13/2009 0:00,40.35,10.6
3/14/2009 0:00,38.56,11.0
3/15/2009 0:00,41.06,11.2
3/16/2009 0:00,66.75,9.9
3/17/2009 0:00,82.09,10.5
3/18/2009 0:00,68.18,12.1
3/19/2009 0:00,59.61,12.2
3/20/2009 0:00,55.69,11.9
3/21/2009 0:00,53.55,10.9
3/22/2009 0:00,56.76,10.8
3/23/2009 0:00,50.69,7.4
3/24/2009 0:00,47.84,10.4
3/25/2009 0:00,46.06,11.3
3/26/2009 0:00,44.63,9.6
3/27/2009 0:00,43.92,9.8
3/28/2009 0:00,43.56,10.5
3/29/2009 0:00,42.13,10.8
3/30/2009 0:00,39.63,9.2
3/31/2009 0:00,36.42,10.7
4/1/2009 0:00,34.21,11.4
4/2/2009 0:00,32.89,11.9
4/3/2009 0:00,31.46,10.0
4/4/2009 0:00,29.72,11.4
4/5/2009 0:00,28.18,11.5
4/6/2009 0:00,26.9,11.9
4/7/2009 0:00,26.15,12.3
4/8/2009 0:00,25.72,9.7
4/9/2009 0:00,26.75,9.7
4/10/2009 0:00,27.72,9.2
4/11/2009 0:00,25.61,9.8
4/12/2009 0:00,24.18,10.8
4/13/2009 0:00,23.36,11.5
4/14/2009 0:00,22.79,9.9
4/15/2009 0:00,22.29,9.1
4/16/2009 0:00,21.51,10.0
4/17/2009 0:00,20.72,10.8
4/18/2009 0:00,20.26,12.1
4/19/2009 0:00,20.12,13.1
4/20/2009 0:00,20.37,14.2
4/21/2009 0:00,20.9,14.9
4/22/2009 0:00,21.29,14.9
4/23/2009 0:00,21.01,14.4
4/24/2009 0:00,20.26,13.0
4/25/2009 0:00,19.69,12.4
4/26/2009 0:00,19.12,12.1
4/27/2009 0:00,18.55,11.7
4/28/2009 0:00,18.05,11.5
4/29/2009 0:00,17.69,11.6
4/30/2009 0:00,17.33,11.5
5/1/2009 0:00,19.23,11.4
5/2/2009 0:00,30.43,10.6
5/3/2009 0:00,46.06,10.5
5/4/2009 0:00,52.84,10.6
5/5/2009 0:00,172.72,10.5
5/6/2009 0:00,105.64,11.3
5/7/2009 0:00,79.24,11.7
5/8/2009 0:00,63.18,12.0
5/9/2009 0:00,54.62,12.3
5/10/2009 0:00,48.55,12.8
5/11/2009 0:00,43.92,13.2
5/12/2009 0:00,39.99,13.1
5/13/2009 0:00,37.14,12.3
5/14/2009 0:00,34.67,12.9
5/15/2009 0:00,33,14.5
5/16/2009 0:00,30.79,15.2
5/17/2009 0:00,28.82,16.5
5/18/2009 0:00,27.36,17.3
5/19/2009 0:00,26.15,17.2
5/20/2009 0:00,24.76,15.9
5/21/2009 0:00,23.51,16.2
5/22/2009 0:00,22.26,16.5
5/23/2009 0:00,21.22,16.9
5/24/2009 0:00,20.33,17.0
5/25/2009 0:00,19.51,17.0
5/26/2009 0:00,18.65,17.2
5/27/2009 0:00,17.91,17.7
5/28/2009 0:00,17.05,18.7
5/29/2009 0:00,16.69,19.6
5/30/2009 0:00,15.98,20.0
5/31/2009 0:00,15.55,19.5
6/1/2009 0:00,14.8,18.6
6/2/2009 0:00,14.77,18.0
6/3/2009 0:00,17.69,17.1
6/4/2009 0:00,20.33,16.4
6/5/2009 0:00,20.94,16.6
6/6/2009 0:00,18.76,16.9
6/7/2009 0:00,16.98,17.7
6/8/2009 0:00,15.55,18.2
6/9/2009 0:00,14.52,17.7
6/10/2009 0:00,13.73,17.8
6/11/2009 0:00,13.48,18.1
6/12/2009 0:00,13.2,18.5
6/13/2009 0:00,13.12,19.0
6/14/2009 0:00,13.09,18.9
6/15/2009 0:00,12.98,18.8
6/16/2009 0:00,12.55,18.7
6/17/2009 0:00,11.88,19.8
6/18/2009 0:00,11.13,20.2
6/19/2009 0:00,10.52,19.6
6/20/2009 0:00,10.16,18.4
6/21/2009 0:00,10.02,18.2
6/22/2009 0:00,9.73,18.8
6/23/2009 0:00,9.31,19.6
6/24/2009 0:00,8.95,20.3
6/25/2009 0:00,8.52,20.7
6/26/2009 0:00,8.16,20.8
6/27/2009 0:00,7.84,21.4
6/28/2009 0:00,7.52,22.2
6/29/2009 0:00,7.09,22.1
6/30/2009 0:00,6.84,22.3
7/1/2009 0:00,6.63,22.9
7/2/2009 0:00,6.56,23.1
7/3/2009 0:00,6.35,23.3
7/4/2009 0:00,6.1,23.4
7/5/2009 0:00,5.81,23.0
7/6/2009 0:00,5.63,22.1
7/7/2009 0:00,5.52,21.3
7/8/2009 0:00,5.38,20.9
7/9/2009 0:00,5.35,20.9
7/10/2009 0:00,5.27,21.2
7/11/2009 0:00,5.2,21.4
7/12/2009 0:00,5.1,21.4
7/13/2009 0:00,5.03,21.4
7/14/2009 0:00,4.88,22.0
7/15/2009 0:00,4.74,22.6
7/16/2009 0:00,4.53,22.8
7/17/2009 0:00,4.35,23.3
7/18/2009 0:00,4.2,23.8
7/19/2009 0:00,4.06,24.3
7/20/2009 0:00,3.92,24.6
7/21/2009 0:00,3.78,24.4
7/22/2009 0:00,3.67,24.0
7/23/2009 0:00,3.6,24.0
7/24/2009 0:00,3.53,24.5
7/25/2009 0:00,3.46,24.9
7/26/2009 0:00,3.38,25.2
7/27/2009 0:00,3.28,25.7
7/28/2009 0:00,3.17,26.0
7/29/2009 0:00,3.1,26.4
7/30/2009 0:00,3.03,26.2
7/31/2009 0:00,2.96,25.6
8/1/2009 0:00,2.92,25.2
8/2/2009 0:00,2.85,24.9
8/3/2009 0:00,2.78,24.3
8/4/2009 0:00,2.67,23.9
8/5/2009 0:00,2.6,23.5
8/6/2009 0:00,2.92,21.9
8/7/2009 0:00,2.78,21.4
8/8/2009 0:00,2.74,21.8
8/9/2009 0:00,2.74,22.5
8/10/2009 0:00,2.71,22.9
8/11/2009 0:00,2.6,23.0
8/12/2009 0:00,2.49,23.0
8/13/2009 0:00,2.42,22.7
8/14/2009 0:00,2.38,21.9
8/15/2009 0:00,2.35,21.8
8/16/2009 0:00,2.31,22.1
8/17/2009 0:00,2.24,22.5
8/18/2009 0:00,2.17,23.2
8/19/2009 0:00,2.06,23.7
8/20/2009 0:00,1.99,23.6
8/21/2009 0:00,1.92,23.5
8/22/2009 0:00,1.85,23.0
8/23/2009 0:00,1.74,22.4
8/24/2009 0:00,1.71,22.2
8/25/2009 0:00,1.67,21.8
8/26/2009 0:00,1.67,22.0
8/27/2009 0:00,1.64,23.3
8/28/2009 0:00,1.64,23.4
8/29/2009 0:00,1.64,23.1
8/30/2009 0:00,1.64,23.1
8/31/2009 0:00,1.6,23.0
9/1/2009 0:00,1.56,19.9
9/2/2009 0:00,1.53,20.3
9/3/2009 0:00,1.49,19.9
9/4/2009 0:00,1.49,19.7
9/5/2009 0:00,1.49,19.9
9/6/2009 0:00,1.53,19.9
9/7/2009 0:00,1.56,19.9
9/8/2009 0:00,1.6,19.5
9/9/2009 0:00,1.56,19.7
9/10/2009 0:00,1.56,20.2
9/11/2009 0:00,1.53,20.5
9/12/2009 0:00,1.49,19.9
9/13/2009 0:00,1.46,20.0
9/14/2009 0:00,1.49,19.6
9/15/2009 0:00,1.56,19.9
9/16/2009 0:00,1.6,19.7
9/17/2009 0:00,1.6,20.1
9/18/2009 0:00,1.6,20.2
9/19/2009 0:00,1.56,20.1
9/20/2009 0:00,1.53,20.1
9/21/2009 0:00,1.53,20.2
9/22/2009 0:00,1.49,20.1
9/23/2009 0:00,1.46,20.3
9/24/2009 0:00,1.42,20.3
9/25/2009 0:00,1.39,20.4
9/26/2009 0:00,1.35,19.8
9/27/2009 0:00,1.35,19.5
9/28/2009 0:00,1.31,19.3
9/29/2009 0:00,1.31,18.6
9/30/2009 0:00,1.31,18.6
10/1/2009 0:00,1.35,16.1
10/2/2009 0:00,1.42,16.1
10/3/2009 0:00,1.49,15.6
10/4/2009 0:00,1.53,15.9
10/5/2009 0:00,1.56,16.0
10/6/2009 0:00,1.64,15.3
10/7/2009 0:00,1.67,16.1
10/8/2009 0:00,1.64,16.7
10/9/2009 0:00,1.64,16.6
10/10/2009 0:00,1.64,16.5
10/11/2009 0:00,1.64,16.4
10/12/2009 0:00,1.6,16.3
10/13/2009 0:00,2.53,15.7
10/14/2009 0:00,9.73,14.3
10/15/2009 0:00,12.34,13.9
10/16/2009 0:00,7.38,14.3
10/17/2009 0:00,5.27,14.5
10/18/2009 0:00,4.35,14.6
10/19/2009 0:00,3.95,14.5
10/20/2009 0:00,3.95,14.4
10/21/2009 0:00,3.92,14.3
10/22/2009 0:00,3.74,14.2
10/23/2009 0:00,3.46,14.2
10/24/2009 0:00,3.31,14.1
10/25/2009 0:00,3.17,14.0
10/26/2009 0:00,3.1,13.9
10/27/2009 0:00,3.03,11.9
10/28/2009 0:00,2.96,11.4
10/29/2009 0:00,2.92,13.0
10/30/2009 0:00,2.92,17.2
10/31/2009 0:00,2.92,13.8
11/1/2009 0:00,2.96,14.1
11/2/2009 0:00,2.92,14.2
11/3/2009 0:00,2.88,14.4
11/4/2009 0:00,2.88,14.8
11/5/2009 0:00,2.88,13.6
11/6/2009 0:00,3.42,14.2
11/7/2009 0:00,4.06,12.6
11/8/2009 0:00,3.99,11.9
11/9/2009 0:00,3.78,8.3
11/10/2009 0:00,3.99,11.5
11/11/2009 0:00,3.92,9.8
11/12/2009 0:00,3.74,9.7
11/13/2009 0:00,3.6,10.0
11/14/2009 0:00,3.53,10.5
11/15/2009 0:00,3.46,10.2
11/16/2009 0:00,3.38,11.0
11/17/2009 0:00,3.56,10.0
11/18/2009 0:00,4.2,10.4
11/19/2009 0:00,4.35,9.4
11/20/2009 0:00,5.2,10.0
11/21/2009 0:00,8.09,9.6
11/22/2009 0:00,9.16,9.5
11/23/2009 0:00,8.41,9.9
11/24/2009 0:00,7.88,10.4
11/25/2009 0:00,6.74,10.4
11/26/2009 0:00,6.13,10.2
11/27/2009 0:00,6.49,11.2
11/28/2009 0:00,6.49,9.8
11/29/2009 0:00,6.27,9.6
11/30/2009 0:00,5.77,9.1
12/1/2009 0:00,5.35,9.4
12/2/2009 0:00,5.06,9.4
12/3/2009 0:00,4.81,8.9
12/4/2009 0:00,4.6,7.7
12/5/2009 0:00,4.42,6.9
12/6/2009 0:00,4.31,6.3
12/7/2009 0:00,4.06,5.2
12/8/2009 0:00,3.78,4.3
12/9/2009 0:00,3.63,3.7
12/10/2009 0:00,3.7,5.1
12/11/2009 0:00,4.06,6.2
12/12/2009 0:00,5.24,8.8
12/13/2009 0:00,6.81,8.0
12/14/2009 0:00,6.42,9.8
12/15/2009 0:00,7.45,10.7
12/16/2009 0:00,54.26,9.7
12/17/2009 0:00,42.85,8.3
12/18/2009 0:00,24.9,11.1
12/19/2009 0:00,18.65,9.1
12/20/2009 0:00,16.83,9.1
12/21/2009 0:00,20.37,9.5
12/22/2009 0:00,22.86,6.4
12/23/2009 0:00,19.9,6.7
12/24/2009 0:00,16.44,7.7
12/25/2009 0:00,14.16,7.7
12/26/2009 0:00,12.7,7.4
12/27/2009 0:00,12.62,7.7
12/28/2009 0:00,12.38,7.9
12/29/2009 0:00,11.48,7.0
12/30/2009 0:00,11.34,8.2
12/31/2009 0:00,11.7,8.4
1/1/2010 0:00,38.92,7.5
1/2/2010 0:00,64.97,7.6
1/3/2010 0:00,39.63,9.0
1/4/2010 0:00,29.22,8.9
1/5/2010 0:00,23.72,10.1
1/6/2010 0:00,20.65,11.1
1/7/2010 0:00,19.08,12.1
1/8/2010 0:00,18.05,11.4
1/9/2010 0:00,18.16,11.5
1/10/2010 0:00,17.08,11.4
1/11/2010 0:00,16.01,11.2
1/12/2010 0:00,38.56,12.1
1/13/2010 0:00,135.25,9.2
1/14/2010 0:00,95.65,8.0
1/15/2010 0:00,61.04,8.0
1/16/2010 0:00,46.77,8.9
1/17/2010 0:00,41.42,8.5
1/18/2010 0:00,54.62,7.7
1/19/2010 0:00,177,6.6
1/20/2010 0:00,174.14,5.4
1/21/2010 0:00,154.16,5.5
1/22/2010 0:00,110.64,5.9
1/23/2010 0:00,81.74,6.3
1/24/2010 0:00,73.53,6.4
1/25/2010 0:00,101,6.2
1/26/2010 0:00,111.71,6.2
1/27/2010 0:00,94.58,6.4
1/28/2010 0:00,81.02,6.6
1/29/2010 0:00,72.46,6.8
1/30/2010 0:00,73.89,6.8
1/31/2010 0:00,76.38,6.9
2/1/2010 0:00,75.67,6.9
2/2/2010 0:00,80.67,6.9
2/3/2010 0:00,84.59,9.1
2/4/2010 0:00,95.65,8.2
2/5/2010 0:00,234.09,7.3
2/6/2010 0:00,177.36,7.5
2/7/2010 0:00,147.74,7.9
2/8/2010 0:00,123.84,7.1
2/9/2010 0:00,104.57,9.5
2/10/2010 0:00,89.23,7.6
2/11/2010 0:00,81.38,8.7
2/12/2010 0:00,92.08,7.8
2/13/2010 0:00,93.15,8.8
2/14/2010 0:00,94.22,8.9
2/15/2010 0:00,100.29,9.1
2/16/2010 0:00,101.72,9.2
2/17/2010 0:00,101.72,10.5
2/18/2010 0:00,96.01,9.8
2/19/2010 0:00,88.87,9.0
2/20/2010 0:00,81.74,8.8
2/21/2010 0:00,73.89,8.9
2/22/2010 0:00,66.04,7.7
2/23/2010 0:00,62.83,8.6
2/24/2010 0:00,77.1,7.2
2/25/2010 0:00,83.52,8.7
2/26/2010 0:00,223.74,8.4
2/27/2010 0:00,354.32,7.5
2/28/2010 0:00,203.4,7.9
3/1/2010 0:00,149.17,9.1
3/2/2010 0:00,131.33,10.5
3/3/2010 0:00,130.26,7.9
3/4/2010 0:00,110.99,7.2
3/5/2010 0:00,95.65,7.8
3/6/2010 0:00,84.95,7.5
3/7/2010 0:00,77.45,7.2
3/8/2010 0:00,70.67,5.9
3/9/2010 0:00,64.25,5.4
3/10/2010 0:00,59.97,7.2
3/11/2010 0:00,54.62,8.7
3/12/2010 0:00,71.75,8.6
3/13/2010 0:00,108.85,8.5
3/14/2010 0:00,88.51,9.7
3/15/2010 0:00,79.59,10.2
3/16/2010 0:00,74.96,11.0
3/17/2010 0:00,71.75,11.6
3/18/2010 0:00,68.18,12.1
3/19/2010 0:00,63.54,11.8
3/20/2010 0:00,60.33,11.6
3/21/2010 0:00,58.9,11.7
3/22/2010 0:00,58.54,9.8
3/23/2010 0:00,53.91,11.7
3/24/2010 0:00,49.98,12.8
3/25/2010 0:00,51.76,11.5
3/26/2010 0:00,49.62,10.6
3/27/2010 0:00,44.27,9.9
3/28/2010 0:00,41.77,9.1
3/29/2010 0:00,48.91,7.5
3/30/2010 0:00,92.8,7.0
3/31/2010 0:00,89.23,6.2
4/1/2010 0:00,76.38,10.3
4/2/2010 0:00,87.8,9.6
4/3/2010 0:00,132.76,10.0
4/4/2010 0:00,109.92,10.2
4/5/2010 0:00,104.21,9.8
4/6/2010 0:00,93.51,10.9
4/7/2010 0:00,88.16,10.6
4/8/2010 0:00,100.29,11.3
4/9/2010 0:00,106.35,10.5
4/10/2010 0:00,101.72,11.0
4/11/2010 0:00,97.79,11.1
4/12/2010 0:00,113.85,11.2
4/13/2010 0:00,121.7,11.3
4/14/2010 0:00,120.27,10.9
4/15/2010 0:00,122.77,11.6
4/16/2010 0:00,110.64,11.8
4/17/2010 0:00,102.07,11.5
4/18/2010 0:00,98.15,11.5
4/19/2010 0:00,96.36,12.2
4/20/2010 0:00,97.79,11.7
4/21/2010 0:00,88.51,10.6
4/22/2010 0:00,77.45,11.4
4/23/2010 0:00,69.6,12.2
4/24/2010 0:00,65.32,11.3
4/25/2010 0:00,61.4,11.0
4/26/2010 0:00,59.26,11.2
4/27/2010 0:00,124.19,12.1
4/28/2010 0:00,181.28,9.7
4/29/2010 0:00,149.88,10.3
4/30/2010 0:00,132.4,11.3
5/1/2010 0:00,119.91,9.1
5/2/2010 0:00,109.21,9.1
5/3/2010 0:00,99.22,9.7
5/4/2010 0:00,91.73,10.1
5/5/2010 0:00,82.45,9.8
5/6/2010 0:00,74.24,10.7
5/7/2010 0:00,67.82,11.3
5/8/2010 0:00,63.9,10.9
5/9/2010 0:00,59.97,11.1
5/10/2010 0:00,63.9,11.5
5/11/2010 0:00,61.76,11.2
5/12/2010 0:00,56.76,11.1
5/13/2010 0:00,53.91,12.1
5/14/2010 0:00,52.48,13.6
5/15/2010 0:00,51.76,12.2
5/16/2010 0:00,51.41,12.2
5/17/2010 0:00,50.69,12.4
5/18/2010 0:00,51.76,12.5
5/19/2010 0:00,48.2,12.2
5/20/2010 0:00,46.77,11.7
5/21/2010 0:00,44.63,10.9
5/22/2010 0:00,43.92,12.1
5/23/2010 0:00,41.42,12.0
5/24/2010 0:00,39.63,12.2
5/25/2010 0:00,38.56,12.6
5/26/2010 0:00,42.13,12.4
5/27/2010 0:00,41.06,12.1
5/28/2010 0:00,44.99,12.7
5/29/2010 0:00,43.2,13.0
5/30/2010 0:00,40.7,13.4
5/31/2010 0:00,39.63,13.4
6/1/2010 0:00,38.92,15.3
6/2/2010 0:00,39.63,16.7
6/3/2010 0:00,43.56,15.6
6/4/2010 0:00,53.55,14.9
6/5/2010 0:00,55.69,15.5
6/6/2010 0:00,49.98,15.7
6/7/2010 0:00,46.06,16.5
6/8/2010 0:00,42.85,16.2
6/9/2010 0:00,40.7,16.7
6/10/2010 0:00,38.56,14.9
6/11/2010 0:00,36.42,15.7
6/12/2010 0:00,34.18,16.1
6/13/2010 0:00,32.39,16.1
6/14/2010 0:00,30.89,16.5
6/15/2010 0:00,29.5,16.6
6/16/2010 0:00,28.18,15.6
6/17/2010 0:00,26.9,16.5
6/18/2010 0:00,25.83,16.1
6/19/2010 0:00,24.83,16.9
6/20/2010 0:00,23.94,17.3
6/21/2010 0:00,23.08,17.6
6/22/2010 0:00,21.97,17.8
6/23/2010 0:00,21.08,17.9
6/24/2010 0:00,20.26,18.9
6/25/2010 0:00,19.55,18.4
6/26/2010 0:00,18.83,18.3
6/27/2010 0:00,17.98,18.2
6/28/2010 0:00,17.16,19.1
6/29/2010 0:00,16.3,18.6
6/30/2010 0:00,15.76,17.6
7/1/2010 0:00,15.34,19.1
7/2/2010 0:00,14.98,20.2
7/3/2010 0:00,14.59,20.5
7/4/2010 0:00,14.09,20.7
7/5/2010 0:00,13.55,21.3
7/6/2010 0:00,13.02,21.8
7/7/2010 0:00,12.52,21.9
7/8/2010 0:00,12.09,21.6
7/9/2010 0:00,11.88,22.5
7/10/2010 0:00,11.41,21.9
7/11/2010 0:00,10.91,22.0
7/12/2010 0:00,10.52,21.7
7/13/2010 0:00,10.09,21.5
7/14/2010 0:00,9.73,22.3
7/15/2010 0:00,9.48,22.7
7/16/2010 0:00,9.16,22.9
7/17/2010 0:00,8.81,22.1
7/18/2010 0:00,8.45,22.3
7/19/2010 0:00,8.2,21.8
7/20/2010 0:00,8.02,22.0
7/21/2010 0:00,7.81,21.7
7/22/2010 0:00,7.59,22.2
7/23/2010 0:00,7.42,23.0
7/24/2010 0:00,7.17,22.4
7/25/2010 0:00,6.88,22.5
7/26/2010 0:00,6.67,22.5
7/27/2010 0:00,6.49,22.8
7/28/2010 0:00,6.38,22.4
7/29/2010 0:00,6.31,22.3
7/30/2010 0:00,6.17,22.0
7/31/2010 0:00,6.06,22.5
8/1/2010 0:00,5.95,22.2
8/2/2010 0:00,5.85,22.2
8/3/2010 0:00,5.7,22.5
8/4/2010 0:00,5.49,22.3
8/5/2010 0:00,5.38,22.2
8/6/2010 0:00,5.17,22.3
8/7/2010 0:00,5.06,22.2
8/8/2010 0:00,4.92,22.2
8/9/2010 0:00,4.85,22.1
8/10/2010 0:00,4.74,22.2
8/11/2010 0:00,4.63,22.0
8/12/2010 0:00,4.6,22.4
8/13/2010 0:00,4.56,22.8
8/14/2010 0:00,4.45,22.5
8/15/2010 0:00,4.35,22.5
8/16/2010 0:00,4.28,22.8
8/17/2010 0:00,4.17,23.0
8/18/2010 0:00,3.95,22.4
8/19/2010 0:00,3.88,22.4
8/20/2010 0:00,3.78,22.4
8/21/2010 0:00,3.67,22.7
8/22/2010 0:00,3.6,22.7
8/23/2010 0:00,3.6,22.2
8/24/2010 0:00,3.6,22.9
8/25/2010 0:00,3.49,23.2
8/26/2010 0:00,3.38,23.2
8/27/2010 0:00,3.28,22.3
8/28/2010 0:00,3.31,22.5
8/29/2010 0:00,3.38,22.4
8/30/2010 0:00,3.49,21.0
8/31/2010 0:00,3.6,22.2
9/1/2010 0:00,3.6,18.9
9/2/2010 0:00,3.49,19.4
9/3/2010 0:00,3.38,19.5
9/4/2010 0:00,3.21,19.1
9/5/2010 0:00,3.1,19.0
9/6/2010 0:00,2.99,18.9
9/7/2010 0:00,2.96,18.8
9/8/2010 0:00,2.96,18.4
9/9/2010 0:00,2.99,18.6
9/10/2010 0:00,3.06,18.4
9/11/2010 0:00,3.13,18.6
9/12/2010 0:00,3.06,18.6
9/13/2010 0:00,2.96,18.8
9/14/2010 0:00,2.85,18.9
9/15/2010 0:00,2.78,18.8
9/16/2010 0:00,2.71,18.8
9/17/2010 0:00,2.71,19.3
9/18/2010 0:00,2.81,18.7
9/19/2010 0:00,3.21,18.4
9/20/2010 0:00,3.35,18.3
9/21/2010 0:00,3.53,17.9
9/22/2010 0:00,3.46,18.3
9/23/2010 0:00,3.28,18.0
9/24/2010 0:00,3.13,18.3
9/25/2010 0:00,3.03,18.4
9/26/2010 0:00,2.92,18.5
9/27/2010 0:00,2.81,18.6
9/28/2010 0:00,2.74,18.8
9/29/2010 0:00,2.63,19.2
9/30/2010 0:00,2.56,19.2
10/1/2010 0:00,2.38,18.2
10/2/2010 0:00,2.31,18.1
10/3/2010 0:00,2.28,18.1
10/4/2010 0:00,2.24,17.3
10/5/2010 0:00,2.24,15.8
10/6/2010 0:00,2.31,18.0
10/7/2010 0:00,2.42,17.7
10/8/2010 0:00,2.38,17.6
10/9/2010 0:00,2.38,17.3
10/10/2010 0:00,2.46,17.6
10/11/2010 0:00,2.42,17.5
10/12/2010 0:00,2.42,17.3
10/13/2010 0:00,2.38,17.1
10/14/2010 0:00,2.31,17.8
10/15/2010 0:00,2.28,17.8
10/16/2010 0:00,2.28,17.1
10/17/2010 0:00,2.31,17.0
10/18/2010 0:00,2.28,15.8
10/19/2010 0:00,2.28,16.6
10/20/2010 0:00,2.31,15.8
10/21/2010 0:00,2.31,15.8
10/22/2010 0:00,2.35,15.0
10/23/2010 0:00,2.99,13.6
10/24/2010 0:00,23.44,10.4
10/25/2010 0:00,38.92,10.2
10/26/2010 0:00,17.51,11.2
10/27/2010 0:00,11.52,9.0
10/28/2010 0:00,20.97,9.6
10/29/2010 0:00,64.25,10.8
10/30/2010 0:00,36.07,11.2
10/31/2010 0:00,22.76,12.1
11/1/2010 0:00,17.12,14.9
11/2/2010 0:00,13.91,15.1
11/3/2010 0:00,11.95,14.7
11/4/2010 0:00,10.63,14.3
11/5/2010 0:00,9.7,14.4
11/6/2010 0:00,9.06,12.7
11/7/2010 0:00,14.16,11.7
11/8/2010 0:00,21.05,10.7
11/9/2010 0:00,17.55,8.0
11/10/2010 0:00,17.23,10.9
11/11/2010 0:00,16.23,10.2
11/12/2010 0:00,14.44,9.8
11/13/2010 0:00,13.16,10.8
11/14/2010 0:00,12.2,11.1
11/15/2010 0:00,11.41,11.6
11/16/2010 0:00,10.77,12.9
11/17/2010 0:00,10.16,11.8
11/18/2010 0:00,9.81,10.0
11/19/2010 0:00,9.73,9.0
11/20/2010 0:00,10.34,9.1
11/21/2010 0:00,11.59,8.3
11/22/2010 0:00,12.2,7.1
11/23/2010 0:00,21.4,6.6
11/24/2010 0:00,22.61,4.7
11/25/2010 0:00,17.37,6.2
11/26/2010 0:00,15.16,5.1
11/27/2010 0:00,17.51,7.0
11/28/2010 0:00,20.22,7.0
11/29/2010 0:00,18.08,6.8
11/30/2010 0:00,16.41,8.5
12/1/2010 0:00,17.37,8.8
12/2/2010 0:00,35.53,8.1
12/3/2010 0:00,102.79,7.3
12/4/2010 0:00,68.53,8.1
12/5/2010 0:00,59.26,8.7
12/6/2010 0:00,99.22,8.8
12/7/2010 0:00,92.8,8.4
12/8/2010 0:00,79.24,9.3
12/9/2010 0:00,93.15,9.8
12/10/2010 0:00,94.58,10.4
12/11/2010 0:00,82.45,9.4
12/12/2010 0:00,67.46,9.4
12/13/2010 0:00,57.83,11.7
12/14/2010 0:00,99.93,9.7
12/15/2010 0:00,116.34,6.2
12/16/2010 0:00,87.09,6.9
12/17/2010 0:00,69.96,6.1
12/18/2010 0:00,86.37,7.1
12/19/2010 0:00,137.4,6.2
12/20/2010 0:00,185.56,5.1
12/21/2010 0:00,147.03,7.0
12/22/2010 0:00,140.61,6.8
12/23/2010 0:00,125.26,6.3
12/24/2010 0:00,101,6.5
12/25/2010 0:00,93.87,6.2
12/26/2010 0:00,137.04,5.0
12/27/2010 0:00,140.61,5.4
12/28/2010 0:00,159.87,4.3
12/29/2010 0:00,406.77,2.9
12/30/2010 0:00,252.64,3.2
12/31/2010 0:00,172.36,4.2
1/1/2011 0:00,136.32,4.5
1/2/2011 0:00,109.92,4.9
1/3/2011 0:00,93.87,4.9
1/4/2011 0:00,79.95,5.1
1/5/2011 0:00,69.96,6.1
1/6/2011 0:00,62.47,6.2
1/7/2011 0:00,57.47,4.5
1/8/2011 0:00,53.91,5.8
1/9/2011 0:00,50.34,6.4
1/10/2011 0:00,46.77,4.6
1/11/2011 0:00,44.63,5.1
1/12/2011 0:00,44.63,8.7
1/13/2011 0:00,66.04,8.8
1/14/2011 0:00,124.91,9.5
1/15/2011 0:00,112.42,8.0
1/16/2011 0:00,124.91,8.4
1/17/2011 0:00,148.1,8.1
1/18/2011 0:00,128.48,9.1
1/19/2011 0:00,107.07,8.9
1/20/2011 0:00,92.08,7.4
1/21/2011 0:00,80.67,7.7
1/22/2011 0:00,74.96,8.3
1/23/2011 0:00,69.25,8.1
1/24/2011 0:00,63.9,8.0
1/25/2011 0:00,59.97,8.0
1/26/2011 0:00,56.4,8.3
1/27/2011 0:00,52.48,8.1
1/28/2011 0:00,49.62,8.4
1/29/2011 0:00,47.13,7.7
1/30/2011 0:00,47.48,7.4
1/31/2011 0:00,44.27,7.7
2/1/2011 0:00,41.42,7.6
2/2/2011 0:00,38.92,5.6
2/3/2011 0:00,36.78,6.7
2/4/2011 0:00,34.96,7.3
2/5/2011 0:00,33.82,7.4
2/6/2011 0:00,33.07,7.3
2/7/2011 0:00,32.32,9.8
2/8/2011 0:00,31.5,7.0
2/9/2011 0:00,30.46,7.3
2/10/2011 0:00,29.57,7.3
2/11/2011 0:00,28.57,7.9
2/12/2011 0:00,27.72,7.7
2/13/2011 0:00,26.9,7.4
2/14/2011 0:00,28.15,7.3
2/15/2011 0:00,75.67,9.2
2/16/2011 0:00,160.23,4.7
2/17/2011 0:00,101.36,3.5
2/18/2011 0:00,78.52,6.0
2/19/2011 0:00,69.25,6.0
2/20/2011 0:00,62.47,5.3
2/21/2011 0:00,57.83,5.2
2/22/2011 0:00,54.62,6.1
2/23/2011 0:00,52.12,6.0
2/24/2011 0:00,50.69,5.2
2/25/2011 0:00,50.69,5.0
2/26/2011 0:00,47.84,7.1
2/27/2011 0:00,45.34,7.5
2/28/2011 0:00,44.63,8.0
3/1/2011 0:00,45.7,9.9
3/2/2011 0:00,70.32,10.1
3/3/2011 0:00,105.28,7.3
3/4/2011 0:00,96.01,8.4
3/5/2011 0:00,98.86,7.7
3/6/2011 0:00,181.28,7.2
3/7/2011 0:00,185.21,5.1
3/8/2011 0:00,150.24,5.1
3/9/2011 0:00,133.11,8.0
3/10/2011 0:00,144.17,9.4
3/11/2011 0:00,161.66,9.1
3/12/2011 0:00,137.4,8.3
3/13/2011 0:00,139.89,8.3
3/14/2011 0:00,204.47,8.7
3/15/2011 0:00,221.95,9.2
3/16/2011 0:00,520.95,5.9
3/17/2011 0:00,374.66,4.8
3/18/2011 0:00,328.28,4.8
3/19/2011 0:00,292.6,6.7
3/20/2011 0:00,266.91,6.4
3/21/2011 0:00,245.15,6.6
3/22/2011 0:00,205.9,7.4
3/23/2011 0:00,191.98,8.1
3/24/2011 0:00,220.17,7.4
3/25/2011 0:00,223.74,7.4
3/26/2011 0:00,216.96,8.6
3/27/2011 0:00,206.97,10.0
3/28/2011 0:00,194.13,11.1
3/29/2011 0:00,179.14,7.8
3/30/2011 0:00,175.57,11.8
3/31/2011 0:00,220.53,12.6
4/1/2011 0:00,259.42,12.8
4/2/2011 0:00,281.18,11.8
4/3/2011 0:00,241.58,11.7
4/4/2011 0:00,195.91,11.4
4/5/2011 0:00,188.42,12.2
4/6/2011 0:00,179.85,10.7
4/7/2011 0:00,159.87,9.5
4/8/2011 0:00,137.75,10.3
4/9/2011 0:00,120.27,10.5
4/10/2011 0:00,107.42,10.2
4/11/2011 0:00,101,10.3
4/12/2011 0:00,98.15,10.3
4/13/2011 0:00,96.01,10.2
4/14/2011 0:00,88.51,10.9
4/15/2011 0:00,89.94,11.1
4/16/2011 0:00,109.21,11.4
4/17/2011 0:00,130.62,11.5
4/18/2011 0:00,160.59,12.1
4/19/2011 0:00,149.17,12.3
4/20/2011 0:00,129.19,12.4
4/21/2011 0:00,125.62,11.1
4/22/2011 0:00,112.78,11.4
4/23/2011 0:00,106.71,11.4
4/24/2011 0:00,111.35,11.3
4/25/2011 0:00,114.2,11.0
4/26/2011 0:00,108.85,10.3
4/27/2011 0:00,98.86,11.3
4/28/2011 0:00,92.08,10.8
4/29/2011 0:00,84.23,11.4
4/30/2011 0:00,76.38,11.4
5/1/2011 0:00,71.39,11.8
5/2/2011 0:00,68.18,12.6
5/3/2011 0:00,66.75,12.4
5/4/2011 0:00,64.97,12.7
5/5/2011 0:00,64.97,12.7
5/6/2011 0:00,66.04,13.0
5/7/2011 0:00,64.97,12.4
5/8/2011 0:00,62.11,12.5
5/9/2011 0:00,58.19,11.7
5/10/2011 0:00,54.98,12.7
5/11/2011 0:00,53.55,13.1
5/12/2011 0:00,52.48,12.9
5/13/2011 0:00,51.05,12.2
5/14/2011 0:00,50.34,12.2
5/15/2011 0:00,51.05,12.2
5/16/2011 0:00,49.27,10.9
5/17/2011 0:00,48.55,11.4
5/18/2011 0:00,55.33,12.0
5/19/2011 0:00,49.27,13.0
5/20/2011 0:00,46.77,13.1
5/21/2011 0:00,45.34,12.7
5/22/2011 0:00,44.27,12.7
5/23/2011 0:00,42.85,12.7
5/24/2011 0:00,41.06,13.4
5/25/2011 0:00,42.13,12.8
5/26/2011 0:00,43.56,11.4
5/27/2011 0:00,41.77,12.5
5/28/2011 0:00,40.35,12.4
5/29/2011 0:00,38.56,12.2
5/30/2011 0:00,36.78,12.3
5/31/2011 0:00,36.42,12.4
6/1/2011 0:00,36.78,13.8
6/2/2011 0:00,36.07,14.2
6/3/2011 0:00,34.89,14.8
6/4/2011 0:00,34.75,15.4
6/5/2011 0:00,36.78,15.3
6/6/2011 0:00,41.06,15.8
6/7/2011 0:00,39.28,16.3
6/8/2011 0:00,37.85,16.5
6/9/2011 0:00,36.78,16.2
6/10/2011 0:00,36.78,15.9
6/11/2011 0:00,35.71,16.6
6/12/2011 0:00,35.28,16.6
6/13/2011 0:00,35.28,16.7
6/14/2011 0:00,34.85,17.2
6/15/2011 0:00,34,16.7
6/16/2011 0:00,33.03,16.8
6/17/2011 0:00,31.89,17.0
6/18/2011 0:00,31.04,17.7
6/19/2011 0:00,30.5,17.7
6/20/2011 0:00,29.54,17.7
6/21/2011 0:00,28.86,18.9
6/22/2011 0:00,27.97,19.1
6/23/2011 0:00,26.72,17.9
6/24/2011 0:00,25.33,16.9
6/25/2011 0:00,24.15,18.4
6/26/2011 0:00,23.01,18.2
6/27/2011 0:00,21.97,17.7
6/28/2011 0:00,23.58,17.3
6/29/2011 0:00,29.68,17.2
6/30/2011 0:00,27.9,17.3
7/1/2011 0:00,23.51,19.5
7/2/2011 0:00,21.44,20.4
7/3/2011 0:00,19.94,20.8
7/4/2011 0:00,18.76,20.9
7/5/2011 0:00,17.83,20.9
7/6/2011 0:00,16.87,21.6
7/7/2011 0:00,16.01,21.6
7/8/2011 0:00,15.3,21.1
7/9/2011 0:00,14.66,20.2
7/10/2011 0:00,14.12,20.2
7/11/2011 0:00,13.66,19.1
7/12/2011 0:00,13.23,18.5
7/13/2011 0:00,13.02,19.3
7/14/2011 0:00,12.77,19.3
7/15/2011 0:00,12.52,20.2
7/16/2011 0:00,12.2,20.0
7/17/2011 0:00,11.98,20.4
7/18/2011 0:00,12.16,20.9
7/19/2011 0:00,12.66,20.9
7/20/2011 0:00,12.13,20.8
7/21/2011 0:00,11.48,21.0
7/22/2011 0:00,11.05,21.5
7/23/2011 0:00,10.7,21.3
7/24/2011 0:00,10.38,21.6
7/25/2011 0:00,9.98,21.0
7/26/2011 0:00,9.59,21.7
7/27/2011 0:00,9.41,22.0
7/28/2011 0:00,9.13,22.6
7/29/2011 0:00,8.88,22.9
7/30/2011 0:00,8.56,22.1
7/31/2011 0:00,8.31,22.0
8/1/2011 0:00,8.09,22.0
8/2/2011 0:00,7.92,21.8
8/3/2011 0:00,7.7,21.6
8/4/2011 0:00,7.56,21.7
8/5/2011 0:00,7.42,22.1
8/6/2011 0:00,7.27,21.8
8/7/2011 0:00,7.2,21.8
8/8/2011 0:00,7.09,22.0
8/9/2011 0:00,6.88,21.9
8/10/2011 0:00,6.7,21.8
8/11/2011 0:00,6.49,21.9
8/12/2011 0:00,6.27,21.9
8/13/2011 0:00,6.13,21.9
8/14/2011 0:00,6.02,22.0
8/15/2011 0:00,5.88,21.7
8/16/2011 0:00,5.81,22.1
8/17/2011 0:00,5.67,22.2
8/18/2011 0:00,5.49,22.3
8/19/2011 0:00,5.31,22.4
8/20/2011 0:00,5.17,22.3
8/21/2011 0:00,5.06,22.4
8/22/2011 0:00,4.95,22.2
8/23/2011 0:00,4.88,22.4
8/24/2011 0:00,4.74,22.6
8/25/2011 0:00,4.49,22.5
8/26/2011 0:00,4.35,22.7
8/27/2011 0:00,4.2,22.4
8/28/2011 0:00,4.1,22.4
8/29/2011 0:00,3.95,22.2
8/30/2011 0:00,3.85,22.1
8/31/2011 0:00,3.78,22.0
9/1/2011 0:00,3.7,18.8
9/2/2011 0:00,3.63,19.0
9/3/2011 0:00,3.49,19.0
9/4/2011 0:00,3.35,19.2
9/5/2011 0:00,3.21,19.4
9/6/2011 0:00,3.1,19.5
9/7/2011 0:00,2.99,19.5
9/8/2011 0:00,2.88,19.6
9/9/2011 0:00,2.81,19.8
9/10/2011 0:00,2.74,19.6
9/11/2011 0:00,2.63,19.6
9/12/2011 0:00,2.6,19.5
9/13/2011 0:00,2.53,19.5
9/14/2011 0:00,2.53,19.3
9/15/2011 0:00,2.53,19.3
9/16/2011 0:00,2.6,18.6
9/17/2011 0:00,2.67,19.1
9/18/2011 0:00,2.63,19.0
9/19/2011 0:00,2.6,19.0
9/20/2011 0:00,2.53,19.1
9/21/2011 0:00,2.46,19.2
9/22/2011 0:00,2.35,19.1
9/23/2011 0:00,2.28,19.5
9/24/2011 0:00,2.21,19.2
9/25/2011 0:00,2.17,19.3
9/26/2011 0:00,2.31,18.7
9/27/2011 0:00,2.46,19.0
9/28/2011 0:00,2.53,19.1
9/29/2011 0:00,2.49,19.5
9/30/2011 0:00,2.35,19.6
10/1/2011 0:00,2.24,17.4
10/2/2011 0:00,2.31,16.4
10/3/2011 0:00,3.28,14.2
10/4/2011 0:00,5.67,13.3
10/5/2011 0:00,8.81,11.5
10/6/2011 0:00,9.95,12.4
10/7/2011 0:00,8.31,14.2
10/8/2011 0:00,6.99,14.0
10/9/2011 0:00,6.17,14.6
10/10/2011 0:00,7.02,15.4
10/11/2011 0:00,8.45,15.7
10/12/2011 0:00,8.09,16.2
10/13/2011 0:00,6.84,15.9
10/14/2011 0:00,6.2,17.5
10/15/2011 0:00,5.85,16.8
10/16/2011 0:00,5.56,17.0
10/17/2011 0:00,5.35,17.2
10/18/2011 0:00,5.27,17.2
10/19/2011 0:00,5.24,17.6
10/20/2011 0:00,5.1,16.6
10/21/2011 0:00,5.06,16.4
10/22/2011 0:00,5.03,15.8
10/23/2011 0:00,5.03,15.5
10/24/2011 0:00,4.95,15.5
10/25/2011 0:00,4.95,14.9
10/26/2011 0:00,4.88,12.1
10/27/2011 0:00,4.78,13.8
10/28/2011 0:00,4.7,12.7
10/29/2011 0:00,4.67,12.6
10/30/2011 0:00,4.67,11.8
10/31/2011 0:00,4.67,11.6
11/1/2011 0:00,4.63,11.6
11/2/2011 0:00,4.56,10.5
11/3/2011 0:00,4.56,11.7
11/4/2011 0:00,4.78,10.7
11/5/2011 0:00,4.99,10.7
11/6/2011 0:00,5.49,10.6
11/7/2011 0:00,5.63,10.3
11/8/2011 0:00,5.49,10.2
11/9/2011 0:00,5.35,10.8
11/10/2011 0:00,5.27,10.8
11/11/2011 0:00,5.24,10.6
11/12/2011 0:00,5.17,11.0
11/13/2011 0:00,5.1,11.4
11/14/2011 0:00,5.06,11.0
11/15/2011 0:00,5.06,10.4
11/16/2011 0:00,5.06,12.7
11/17/2011 0:00,5.1,12.4
11/18/2011 0:00,5.74,10.1
11/19/2011 0:00,6.31,11.0
11/20/2011 0:00,6.74,11.1
11/21/2011 0:00,6.59,10.9
11/22/2011 0:00,7.63,9.8
11/23/2011 0:00,10.06,10.4
11/24/2011 0:00,14.84,10.3
11/25/2011 0:00,14.94,10.8
11/26/2011 0:00,11.16,10.4
11/27/2011 0:00,9.52,10.4
11/28/2011 0:00,8.56,11.7
11/29/2011 0:00,7.84,10.6
11/30/2011 0:00,7.31,9.5
12/1/2011 0:00,6.84,8.1
12/2/2011 0:00,6.49,7.6
12/3/2011 0:00,6.13,7.6
12/4/2011 0:00,5.85,7.2
12/5/2011 0:00,5.6,7.3
12/6/2011 0:00,5.42,6.5
12/7/2011 0:00,5.24,7.8
12/8/2011 0:00,5.2,7.3
12/9/2011 0:00,5.06,7.2
12/10/2011 0:00,4.92,7.2
12/11/2011 0:00,4.78,6.7
12/12/2011 0:00,4.81,8.3
12/13/2011 0:00,4.74,6.9
12/14/2011 0:00,4.63,6.7
12/15/2011 0:00,5.03,9.0
12/16/2011 0:00,5.27,8.8
12/17/2011 0:00,4.92,7.9
12/18/2011 0:00,4.74,7.8
12/19/2011 0:00,4.63,8.3
12/20/2011 0:00,4.45,7.9
12/21/2011 0:00,4.28,8.0
12/22/2011 0:00,4.1,5.8
12/23/2011 0:00,3.85,7.6
12/24/2011 0:00,3.99,8.1
12/25/2011 0:00,4.2,9.2
12/26/2011 0:00,4.24,10.3
12/27/2011 0:00,4.2,11.8
12/28/2011 0:00,4.24,10.4
12/29/2011 0:00,4.67,12.3
12/30/2011 0:00,7.31,12.1
12/31/2011 0:00,8.74,10.2
1/1/2012 0:00,8.02,10.4
1/2/2012 0:00,7.02,10.6
1/3/2012 0:00,6.42,9.4
1/4/2012 0:00,5.99,8.8
1/5/2012 0:00,5.67,11.7
1/6/2012 0:00,5.49,10.3
1/7/2012 0:00,5.35,9.6
1/8/2012 0:00,5.2,9.4
1/9/2012 0:00,4.99,9.1
1/10/2012 0:00,4.85,8.9
1/11/2012 0:00,4.88,8.5
1/12/2012 0:00,4.63,7.9
1/13/2012 0:00,4.42,7.2
1/14/2012 0:00,4.45,7.4
1/15/2012 0:00,4.49,7.4
1/16/2012 0:00,4.45,7.6
1/17/2012 0:00,3.67,4.7
1/18/2012 0:00,5.45,7.0
1/19/2012 0:00,20.01,7.7
1/20/2012 0:00,60.68,7.4
1/21/2012 0:00,178.78,4.9
1/22/2012 0:00,72.82,7.0
1/23/2012 0:00,46.77,5.7
1/24/2012 0:00,35.67,6.3
1/25/2012 0:00,56.4,9.9
1/26/2012 0:00,117.77,9.7
1/27/2012 0:00,98.5,8.3
1/28/2012 0:00,59.97,8.7
1/29/2012 0:00,43.92,9.7
1/30/2012 0:00,36.42,9.5
1/31/2012 0:00,31.71,9.2
2/1/2012 0:00,30.11,9.7
2/2/2012 0:00,27.11,10.4
2/3/2012 0:00,24.65,8.5
2/4/2012 0:00,22.79,9.9
2/5/2012 0:00,21.12,10.3
2/6/2012 0:00,19.87,10.1
2/7/2012 0:00,19.44,10.7
2/8/2012 0:00,20.55,11.1
2/9/2012 0:00,19.76,11.7
2/10/2012 0:00,19.19,11.7
2/11/2012 0:00,19.26,10.1
2/12/2012 0:00,18.58,9.8
2/13/2012 0:00,19.08,8.9
2/14/2012 0:00,18.48,9.4
2/15/2012 0:00,17.69,7.6
2/16/2012 0:00,16.83,8.5
2/17/2012 0:00,16.23,11.3
2/18/2012 0:00,15.98,10.1
2/19/2012 0:00,15.51,10.6
2/20/2012 0:00,15.3,11.2
2/21/2012 0:00,14.87,11.9
2/22/2012 0:00,14.41,13.8
2/23/2012 0:00,13.98,11.8
2/24/2012 0:00,13.59,10.9
2/25/2012 0:00,13.55,9.4
2/26/2012 0:00,13.05,9.1
2/27/2012 0:00,12.77,7.5
2/28/2012 0:00,12.77,7.1
2/29/2012 0:00,15.94,5.3
3/1/2012 0:00,17.73,6.6
3/2/2012 0:00,17.62,8.4
3/3/2012 0:00,16.73,8.0
3/4/2012 0:00,17.83,8.5
3/5/2012 0:00,21.94,10.2
3/6/2012 0:00,25.83,8.8
3/7/2012 0:00,25.11,8.9
3/8/2012 0:00,23.04,10.2
3/9/2012 0:00,21.87,11.2
3/10/2012 0:00,21.72,9.1
3/11/2012 0:00,22.79,9.3
3/12/2012 0:00,22.9,7.6
3/13/2012 0:00,41.06,7.0
3/14/2012 0:00,63.18,8.1
3/15/2012 0:00,67.82,9.7
3/16/2012 0:00,216.96,7.8
3/17/2012 0:00,275.83,6.3
3/18/2012 0:00,159.52,7.1
3/19/2012 0:00,107.78,3.8
3/20/2012 0:00,86.02,5.9
3/21/2012 0:00,85.66,9.7
3/22/2012 0:00,96.36,8.0
3/23/2012 0:00,89.94,6.9
3/24/2012 0:00,80.67,8.2
3/25/2012 0:00,77.1,9.0
3/26/2012 0:00,76.03,9.3
3/27/2012 0:00,151.67,9.1
3/28/2012 0:00,399.64,7.4
3/29/2012 0:00,263.34,8.0
3/30/2012 0:00,403.21,9.4
3/31/2012 0:00,417.48,7.8
4/1/2012 0:00,351.47,10.8
4/2/2012 0:00,254.78,11.3
4/3/2012 0:00,209.82,11.5
4/4/2012 0:00,188.77,9.7
4/5/2012 0:00,161.66,9.7
4/6/2012 0:00,137.4,10.5
4/7/2012 0:00,119.2,10.5
4/8/2012 0:00,106,10.2
4/9/2012 0:00,96.72,10.3
4/10/2012 0:00,95.29,10.7
4/11/2012 0:00,106.35,11.2
4/12/2012 0:00,121.7,10.2
4/13/2012 0:00,147.03,10.7
4/14/2012 0:00,143.46,10.9
4/15/2012 0:00,136.32,11.3
4/16/2012 0:00,133.11,12.1
4/17/2012 0:00,127.05,12.7
4/18/2012 0:00,119.56,11.4
4/19/2012 0:00,118.13,12.6
4/20/2012 0:00,118.84,14.3
4/21/2012 0:00,119.2,13.0
4/22/2012 0:00,119.91,12.8
4/23/2012 0:00,117.06,12.8
4/24/2012 0:00,108.14,13.7
4/25/2012 0:00,98.15,12.9
4/26/2012 0:00,101.72,12.1
4/27/2012 0:00,90.66,11.0
4/28/2012 0:00,79.95,12.1
4/29/2012 0:00,73.89,11.8
4/30/2012 0:00,69.25,11.5
5/1/2012 0:00,64.61,11.7
5/2/2012 0:00,58.9,11.0
5/3/2012 0:00,57.12,11.4
5/4/2012 0:00,55.69,10.8
5/5/2012 0:00,50.34,12.3
5/6/2012 0:00,46.77,12.6
5/7/2012 0:00,44.27,13.0
5/8/2012 0:00,42.49,14.7
5/9/2012 0:00,40.7,14.0
5/10/2012 0:00,38.92,13.6
5/11/2012 0:00,36.78,14.5
5/12/2012 0:00,35.1,14.7
5/13/2012 0:00,33.78,14.7
5/14/2012 0:00,32.93,14.6
5/15/2012 0:00,31.82,15.3
5/16/2012 0:00,30.5,15.6
5/17/2012 0:00,29.29,15.0
5/18/2012 0:00,27.93,14.0
5/19/2012 0:00,26.79,14.8
5/20/2012 0:00,25.75,14.3
5/21/2012 0:00,24.76,13.8
5/22/2012 0:00,24.15,14.4
5/23/2012 0:00,23.4,14.5
5/24/2012 0:00,22.58,13.3
5/25/2012 0:00,21.97,13.2
5/26/2012 0:00,21.47,14.3
5/27/2012 0:00,20.72,14.8
5/28/2012 0:00,19.76,15.4
5/29/2012 0:00,19.05,15.9
5/30/2012 0:00,18.3,16.1
5/31/2012 0:00,17.37,17.2
6/1/2012 0:00,16.55,19.2
6/2/2012 0:00,15.91,17.6
6/3/2012 0:00,15.41,17.7
6/4/2012 0:00,15.91,17.6
6/5/2012 0:00,16.98,15.1
6/6/2012 0:00,16.09,16.8
6/7/2012 0:00,14.98,16.7
6/8/2012 0:00,14.41,17.2
6/9/2012 0:00,13.94,17.5
6/10/2012 0:00,13.45,18.3
6/11/2012 0:00,12.95,18.8
6/12/2012 0:00,12.38,18.8
6/13/2012 0:00,11.95,19.2
6/14/2012 0:00,11.59,18.7
6/15/2012 0:00,11.16,19.2
6/16/2012 0:00,10.77,19.0
6/17/2012 0:00,10.38,19.2
6/18/2012 0:00,9.91,18.6
6/19/2012 0:00,9.59,19.0
6/20/2012 0:00,9.38,19.5
6/21/2012 0:00,9.09,20.1
6/22/2012 0:00,9.06,19.3
6/23/2012 0:00,9.95,18.9
6/24/2012 0:00,9.81,18.9
6/25/2012 0:00,9.38,17.6
6/26/2012 0:00,9.24,18.5
6/27/2012 0:00,8.91,18.1
6/28/2012 0:00,8.59,18.4
6/29/2012 0:00,8.24,18.5
6/30/2012 0:00,8.02,18.9
7/1/2012 0:00,7.92,20.4
7/2/2012 0:00,7.74,20.4
7/3/2012 0:00,7.42,20.4
7/4/2012 0:00,7.13,20.5
7/5/2012 0:00,6.84,21.0
7/6/2012 0:00,6.63,21.4
7/7/2012 0:00,6.42,22.4
7/8/2012 0:00,6.17,22.6
7/9/2012 0:00,5.92,21.6
7/10/2012 0:00,5.7,22.5
7/11/2012 0:00,5.49,23.4
7/12/2012 0:00,5.31,23.2
7/13/2012 0:00,5.13,22.3
7/14/2012 0:00,4.99,22.3
7/15/2012 0:00,4.85,22.2
7/16/2012 0:00,4.74,21.4
7/17/2012 0:00,5.35,21.3
7/18/2012 0:00,6.67,21.1
7/19/2012 0:00,6.59,21.5
7/20/2012 0:00,6.17,21.6
7/21/2012 0:00,5.7,21.8
7/22/2012 0:00,5.35,22.0
7/23/2012 0:00,5.03,22.2
7/24/2012 0:00,4.67,22.8
7/25/2012 0:00,4.38,22.6
7/26/2012 0:00,4.2,22.6
7/27/2012 0:00,4.1,22.4
7/28/2012 0:00,3.95,22.6
7/29/2012 0:00,3.74,22.6
7/30/2012 0:00,3.67,22.6
7/31/2012 0:00,3.56,22.6
8/1/2012 0:00,3.42,22.3
8/2/2012 0:00,3.28,22.6
8/3/2012 0:00,3.17,22.5
8/4/2012 0:00,3.06,22.6
8/5/2012 0:00,3.03,22.6
8/6/2012 0:00,2.99,22.6
8/7/2012 0:00,2.88,22.7
8/8/2012 0:00,2.81,22.7
8/9/2012 0:00,2.74,22.9
8/10/2012 0:00,2.67,22.7
8/11/2012 0:00,2.6,23.1
8/12/2012 0:00,2.53,23.2
8/13/2012 0:00,2.42,23.5
8/14/2012 0:00,2.35,23.6
8/15/2012 0:00,2.35,23.6
8/16/2012 0:00,2.38,23.5
8/17/2012 0:00,2.28,23.2
8/18/2012 0:00,2.14,23.1
8/19/2012 0:00,2.06,22.7
8/20/2012 0:00,1.99,22.7
8/21/2012 0:00,1.92,22.7
8/22/2012 0:00,1.92,22.7
8/23/2012 0:00,1.92,22.8
8/24/2012 0:00,1.89,22.8
8/25/2012 0:00,1.85,22.5
8/26/2012 0:00,1.85,22.5
8/27/2012 0:00,1.81,22.4
8/28/2012 0:00,1.85,22.3
8/29/2012 0:00,1.85,22.2
8/30/2012 0:00,1.85,22.6
8/31/2012 0:00,1.85,22.5
9/1/2012 0:00,1.78,19.5
9/2/2012 0:00,1.78,19.6
9/3/2012 0:00,1.74,19.8
9/4/2012 0:00,1.71,20.0
9/5/2012 0:00,1.64,19.9
9/6/2012 0:00,1.6,20.0
9/7/2012 0:00,1.56,19.8
9/8/2012 0:00,1.53,19.9
9/9/2012 0:00,1.49,20.0
9/10/2012 0:00,1.49,19.5
9/11/2012 0:00,1.53,19.9
9/12/2012 0:00,1.49,20.2
9/13/2012 0:00,1.46,20.3
9/14/2012 0:00,1.42,20.4
9/15/2012 0:00,1.39,20.1
9/16/2012 0:00,1.35,20.1
9/17/2012 0:00,1.35,20.0
9/18/2012 0:00,1.31,20.2
9/19/2012 0:00,1.31,19.7
9/20/2012 0:00,1.31,19.6
9/21/2012 0:00,1.31,19.5
9/22/2012 0:00,1.24,19.9
9/23/2012 0:00,1.28,19.8
9/24/2012 0:00,1.28,19.8
9/25/2012 0:00,1.28,19.9
9/26/2012 0:00,1.31,20.0
9/27/2012 0:00,1.28,20.1
9/28/2012 0:00,1.28,20.1
9/29/2012 0:00,1.28,20.1
9/30/2012 0:00,1.24,20.1
10/1/2012 0:00,1.24,21.2
10/2/2012 0:00,1.24,21.0
10/3/2012 0:00,1.21,21.0
10/4/2012 0:00,1.21,20.4
10/5/2012 0:00,1.21,20.4
10/6/2012 0:00,1.21,19.7
10/7/2012 0:00,1.28,19.2
10/8/2012 0:00,1.35,18.5
10/9/2012 0:00,1.42,17.3
10/10/2012 0:00,1.49,17.8
10/11/2012 0:00,1.56,17.8
10/12/2012 0:00,1.56,17.0
10/13/2012 0:00,1.56,18.2
10/14/2012 0:00,1.6,18.0
10/15/2012 0:00,1.64,18.9
10/16/2012 0:00,1.67,20.1
10/17/2012 0:00,1.81,18.2
10/18/2012 0:00,1.85,16.2
10/19/2012 0:00,1.81,16.6
10/20/2012 0:00,1.78,15.6
10/21/2012 0:00,1.74,14.6
10/22/2012 0:00,2.06,9.5
10/23/2012 0:00,2.96,12.8
10/24/2012 0:00,3.49,12.0
10/25/2012 0:00,3.85,13.5
10/26/2012 0:00,3.85,11.4
10/27/2012 0:00,3.63,12.8
10/28/2012 0:00,3.42,13.9
10/29/2012 0:00,3.31,14.2
10/30/2012 0:00,3.21,14.6
10/31/2012 0:00,3.31,14.5
11/1/2012 0:00,4.24,15.8
11/2/2012 0:00,4.88,12.7
11/3/2012 0:00,4.49,14.7
11/4/2012 0:00,3.88,14.2
11/5/2012 0:00,3.6,14.2
11/6/2012 0:00,3.42,15.8
11/7/2012 0:00,3.31,15.1
11/8/2012 0:00,3.31,11.6
11/9/2012 0:00,3.49,14.1
11/10/2012 0:00,3.53,14.0
11/11/2012 0:00,3.49,13.4
11/12/2012 0:00,3.42,12.9
11/13/2012 0:00,3.6,13.5
11/14/2012 0:00,3.92,13.5
11/15/2012 0:00,4.35,13.2
11/16/2012 0:00,4.28,13.2
11/17/2012 0:00,4.7,13.1
11/18/2012 0:00,9.27,12.4
11/19/2012 0:00,10.41,10.7
11/20/2012 0:00,12.23,13.6
11/21/2012 0:00,31.71,10.3
11/22/2012 0:00,24.26,10.8
11/23/2012 0:00,14.59,9.4
11/24/2012 0:00,10.48,11.6
11/25/2012 0:00,8.49,11.5
11/26/2012 0:00,7.27,12.5
11/27/2012 0:00,6.52,11.4
11/28/2012 0:00,8.45,11.9
11/29/2012 0:00,27.79,11.2
11/30/2012 0:00,215.89,10.4
12/1/2012 0:00,127.76,9.4
12/2/2012 0:00,503.11,8.1
12/3/2012 0:00,221.6,7.9
12/4/2012 0:00,143.82,8.6
12/5/2012 0:00,367.53,9.5
12/6/2012 0:00,196.27,8.1
12/7/2012 0:00,111.71,7.6
12/8/2012 0:00,76.38,8.4
12/9/2012 0:00,58.19,8.0
12/10/2012 0:00,47.48,7.2
12/11/2012 0:00,41.06,6.8
12/12/2012 0:00,37.49,7.5
12/13/2012 0:00,33.14,6.4
12/14/2012 0:00,30,5.7
12/15/2012 0:00,28.15,6.5
12/16/2012 0:00,30.11,6.2
12/17/2012 0:00,63.54,5.1
12/18/2012 0:00,68.53,4.7
12/19/2012 0:00,51.41,5.7
12/20/2012 0:00,49.27,5.2
12/21/2012 0:00,81.74,4.5
12/22/2012 0:00,152.74,3.9
12/23/2012 0:00,152.74,3.9
12/24/2012 0:00,164.15,3.8
12/25/2012 0:00,115.99,4.1
12/26/2012 0:00,97.43,4.2
12/27/2012 0:00,80.67,4.3
12/28/2012 0:00,69.25,4.4
12/29/2012 0:00,61.04,4.5
12/30/2012 0:00,53.91,4.6
12/31/2012 0:00,48.55,4.7
1/1/2013 0:00,43.92,4.7
1/2/2013 0:00,40.35,4.8
1/3/2013 0:00,38.21,4.6
1/4/2013 0:00,36.42,6.3
1/5/2013 0:00,35.28,6.0
1/6/2013 0:00,35.71,5.8
1/7/2013 0:00,35.39,5.3
1/8/2013 0:00,38.21,7.3
1/9/2013 0:00,43.92,6.9
1/10/2013 0:00,51.76,4.8
1/11/2013 0:00,50.69,5.6
1/12/2013 0:00,46.77,5.3
1/13/2013 0:00,42.49,5.1
1/14/2013 0:00,38.56,3.8
1/15/2013 0:00,35.64,4.3
1/16/2013 0:00,33.6,5.6
1/17/2013 0:00,32.93,5.2
1/18/2013 0:00,34.1,5.2
1/19/2013 0:00,35.71,5.3
1/20/2013 0:00,36.78,6.1
1/21/2013 0:00,36.78,6.7
1/22/2013 0:00,37.14,4.3
1/23/2013 0:00,47.48,7.1
1/24/2013 0:00,165.58,7.8
1/25/2013 0:00,153.81,7.9
1/26/2013 0:00,152.02,6.4
1/27/2013 0:00,130.26,7.1
1/28/2013 0:00,102.79,6.3
1/29/2013 0:00,83.88,7.5
1/30/2013 0:00,72.46,8.2
1/31/2013 0:00,64.25,7.2
2/1/2013 0:00,58.54,7.5
2/2/2013 0:00,54.62,7.7
2/3/2013 0:00,52.84,7.7
2/4/2013 0:00,51.05,7.4
2/5/2013 0:00,51.05,7.8
2/6/2013 0:00,50.69,7.6
2/7/2013 0:00,49.62,7.5
2/8/2013 0:00,46.77,7.6
2/9/2013 0:00,43.2,7.6
2/10/2013 0:00,40.35,7.6
2/11/2013 0:00,37.85,7.6
2/12/2013 0:00,35.71,7.7
2/13/2013 0:00,33.96,7.7
2/14/2013 0:00,33.18,7.6
2/15/2013 0:00,33.25,7.6
2/16/2013 0:00,33.93,7.5
2/17/2013 0:00,34.57,7.5
2/18/2013 0:00,33.89,7.5
2/19/2013 0:00,33.5,7.4
2/20/2013 0:00,31.89,7.4
2/21/2013 0:00,30.07,8.3
2/22/2013 0:00,28.79,8.7
2/23/2013 0:00,28.61,8.4
2/24/2013 0:00,27.61,9.0
2/25/2013 0:00,26.75,8.6
2/26/2013 0:00,25.97,10.4
2/27/2013 0:00,25.26,8.9
2/28/2013 0:00,25.33,11.9
3/1/2013 0:00,27,13.6
3/2/2013 0:00,28.86,10.4
3/3/2013 0:00,30.39,10.1
3/4/2013 0:00,31.46,10.4
3/5/2013 0:00,31.53,9.9
3/6/2013 0:00,49.98,6.8
3/7/2013 0:00,47.84,8.8
3/8/2013 0:00,40.35,8.8
3/9/2013 0:00,36.78,9.5
3/10/2013 0:00,34.57,10.2
3/11/2013 0:00,34.39,11.2
3/12/2013 0:00,37.14,11.4
3/13/2013 0:00,40.7,11.4
3/14/2013 0:00,43.2,12.8
3/15/2013 0:00,43.2,12.3
3/16/2013 0:00,40.7,11.5
3/17/2013 0:00,37.49,11.5
3/18/2013 0:00,34.53,10.1
3/19/2013 0:00,32.61,11.4
3/20/2013 0:00,37.49,11.1
3/21/2013 0:00,43.92,10.7
3/22/2013 0:00,37.85,10.9
3/23/2013 0:00,34,11.7
3/24/2013 0:00,31.64,12.3
3/25/2013 0:00,30.25,13.3
3/26/2013 0:00,29.64,11.3
3/27/2013 0:00,29.18,13.3
3/28/2013 0:00,28.79,13.3
3/29/2013 0:00,28.32,15.2
3/30/2013 0:00,27.97,13.5
3/31/2013 0:00,30.93,14.1
4/1/2013 0:00,35.17,11.8
4/2/2013 0:00,32.82,12.8
4/3/2013 0:00,30.71,12.9
4/4/2013 0:00,35.57,13.5
4/5/2013 0:00,51.05,12.1
4/6/2013 0:00,49.27,12.6
4/7/2013 0:00,47.13,12.5
4/8/2013 0:00,48.55,12.4
4/9/2013 0:00,44.99,12.3
4/10/2013 0:00,41.77,12.3
4/11/2013 0:00,38.92,12.0
4/12/2013 0:00,36.07,11.7
4/13/2013 0:00,33.93,11.6
4/14/2013 0:00,31.78,11.5
4/15/2013 0:00,30.36,10.2
4/16/2013 0:00,28.86,11.4
4/17/2013 0:00,27.36,11.3
4/18/2013 0:00,26.15,11.8
4/19/2013 0:00,25.15,12.3
4/20/2013 0:00,24.22,12.3
4/21/2013 0:00,23.33,12.4
4/22/2013 0:00,22.51,12.8
4/23/2013 0:00,21.62,12.9
4/24/2013 0:00,20.76,13.1
4/25/2013 0:00,20.01,13.2
4/26/2013 0:00,19.33,13.6
4/27/2013 0:00,18.58,13.0
4/28/2013 0:00,17.98,13.1
4/29/2013 0:00,17.55,13.3
4/30/2013 0:00,17.08,12.6
5/1/2013 0:00,16.41,15.5
5/2/2013 0:00,15.8,16.3
5/3/2013 0:00,15.3,17.2
5/4/2013 0:00,14.91,16.2
5/5/2013 0:00,14.55,16.6
5/6/2013 0:00,14.59,16.9
5/7/2013 0:00,15.41,15.4
5/8/2013 0:00,14.87,17.0
5/9/2013 0:00,16.23,17.2
5/10/2013 0:00,15.37,17.7
5/11/2013 0:00,14.05,16.8
5/12/2013 0:00,13.3,17.0
5/13/2013 0:00,12.8,16.7
5/14/2013 0:00,12.34,16.6
5/15/2013 0:00,12.02,16.4
5/16/2013 0:00,11.84,16.7
5/17/2013 0:00,11.77,15.3
5/18/2013 0:00,11.48,16.2
5/19/2013 0:00,11.27,16.1
5/20/2013 0:00,10.91,17.1
5/21/2013 0:00,10.52,17.5
5/22/2013 0:00,10.45,14.3
5/23/2013 0:00,10.38,15.6
5/24/2013 0:00,10.2,16.3
5/25/2013 0:00,10.06,16.2
5/26/2013 0:00,9.88,15.9
5/27/2013 0:00,10.34,16.5
5/28/2013 0:00,10.81,16.4
5/29/2013 0:00,10.38,17.0
5/30/2013 0:00,9.66,17.0
5/31/2013 0:00,9.16,17.3
6/1/2013 0:00,8.91,19.7
6/2/2013 0:00,8.59,20.3
6/3/2013 0:00,8.16,21.0
6/4/2013 0:00,7.77,21.6
6/5/2013 0:00,7.45,21.7
6/6/2013 0:00,7.09,21.5
6/7/2013 0:00,6.77,21.9
6/8/2013 0:00,6.52,20.8
6/9/2013 0:00,6.24,20.5
6/10/2013 0:00,5.95,20.2
6/11/2013 0:00,5.85,19.0
6/12/2013 0:00,5.81,18.7
6/13/2013 0:00,5.67,19.8
6/14/2013 0:00,5.52,20.2
6/15/2013 0:00,5.42,19.4
6/16/2013 0:00,5.24,19.5
6/17/2013 0:00,5.06,19.5
6/18/2013 0:00,4.95,19.4
6/19/2013 0:00,4.95,19.1
6/20/2013 0:00,4.92,19.6
6/21/2013 0:00,4.85,20.3
6/22/2013 0:00,4.67,19.9
6/23/2013 0:00,4.67,20.4
6/24/2013 0:00,4.88,21.0
6/25/2013 0:00,5.56,19.6
6/26/2013 0:00,7.81,19.8
6/27/2013 0:00,8.27,21.7
6/28/2013 0:00,6.56,22.3
6/29/2013 0:00,5.56,21.8
6/30/2013 0:00,4.92,22.4
7/1/2013 0:00,4.56,23.1
7/2/2013 0:00,4.28,23.8
7/3/2013 0:00,4.06,23.3
7/4/2013 0:00,3.92,23.4
7/5/2013 0:00,4.06,22.9
7/6/2013 0:00,3.88,23.4
7/7/2013 0:00,3.6,23.3
7/8/2013 0:00,3.42,23.6
7/9/2013 0:00,3.31,23.5
7/10/2013 0:00,3.13,23.5
7/11/2013 0:00,2.99,23.4
7/12/2013 0:00,2.88,22.9
7/13/2013 0:00,2.78,23.3
7/14/2013 0:00,2.74,23.3
7/15/2013 0:00,2.63,23.1
7/16/2013 0:00,2.53,23.3
7/17/2013 0:00,2.46,23.4
7/18/2013 0:00,2.42,23.6
7/19/2013 0:00,2.35,23.8
7/20/2013 0:00,2.31,24.0
7/21/2013 0:00,2.21,24.3
7/22/2013 0:00,2.1,24.5
7/23/2013 0:00,2.03,24.5
7/24/2013 0:00,2.03,24.4
7/25/2013 0:00,1.99,24.9
7/26/2013 0:00,1.92,24.2
7/27/2013 0:00,1.85,24.1
7/28/2013 0:00,1.78,23.8
7/29/2013 0:00,1.74,23.7
7/30/2013 0:00,1.67,23.3
7/31/2013 0:00,1.67,23.5
8/1/2013 0:00,1.67,22.6
8/2/2013 0:00,1.67,22.9
8/3/2013 0:00,1.67,23.0
8/4/2013 0:00,1.64,23.0
8/5/2013 0:00,1.56,23.0
8/6/2013 0:00,1.53,23.3
8/7/2013 0:00,1.49,23.3
8/8/2013 0:00,1.49,22.7
8/9/2013 0:00,1.49,23.1
8/10/2013 0:00,1.67,23.1
8/11/2013 0:00,1.74,23.0
8/12/2013 0:00,1.78,22.9
8/13/2013 0:00,1.67,23.0
8/14/2013 0:00,1.56,22.9
8/15/2013 0:00,1.49,23.3
8/16/2013 0:00,1.46,23.2
8/17/2013 0:00,1.42,23.4
8/18/2013 0:00,1.39,23.5
8/19/2013 0:00,1.35,23.8
8/20/2013 0:00,1.31,24.1
8/21/2013 0:00,1.35,23.5
8/22/2013 0:00,1.35,23.5
8/23/2013 0:00,1.31,23.1
8/24/2013 0:00,1.35,23.3
8/25/2013 0:00,1.31,23.2
8/26/2013 0:00,1.31,23.1
8/27/2013 0:00,1.31,22.9
8/28/2013 0:00,1.28,23.0
8/29/2013 0:00,1.28,23.3
8/30/2013 0:00,1.24,23.1
8/31/2013 0:00,1.21,23.0
9/1/2013 0:00,1.21,20.0
9/2/2013 0:00,1.17,20.1
9/3/2013 0:00,1.17,19.9
9/4/2013 0:00,1.17,19.7
9/5/2013 0:00,1.17,19.8
9/6/2013 0:00,1.17,20.2
9/7/2013 0:00,1.21,20.4
9/8/2013 0:00,1.17,20.5
9/9/2013 0:00,1.14,20.9
9/10/2013 0:00,1.1,21.2
9/11/2013 0:00,1.06,21.3
9/12/2013 0:00,1.03,20.9
9/13/2013 0:00,0.99,20.7
9/14/2013 0:00,0.99,20.8
9/15/2013 0:00,0.96,20.5
9/16/2013 0:00,0.96,20.2
9/17/2013 0:00,0.99,20.3
9/18/2013 0:00,1.06,20.0
9/19/2013 0:00,1.1,19.8
9/20/2013 0:00,1.17,19.8
9/21/2013 0:00,1.78,19.1
9/22/2013 0:00,2.78,18.3
9/23/2013 0:00,2.49,18.6
9/24/2013 0:00,2.28,18.7
9/25/2013 0:00,2.06,18.1
9/26/2013 0:00,1.99,18.3
9/27/2013 0:00,1.89,18.8
9/28/2013 0:00,1.81,18.8
9/29/2013 0:00,2.42,18.4
9/30/2013 0:00,6.24,17.1
10/1/2013 0:00,6.1,15.8
10/2/2013 0:00,4.49,16.0
10/3/2013 0:00,3.6,16.0
10/4/2013 0:00,3.06,16.0
10/5/2013 0:00,2.71,16.0
10/6/2013 0:00,2.49,15.9
10/7/2013 0:00,2.35,15.8
10/8/2013 0:00,2.28,15.7
10/9/2013 0:00,2.24,15.5
10/10/2013 0:00,2.24,15.3
10/11/2013 0:00,2.21,15.2
10/12/2013 0:00,2.21,15.0
10/13/2013 0:00,2.21,14.9
10/14/2013 0:00,2.21,14.7
10/15/2013 0:00,2.21,14.5
10/16/2013 0:00,2.21,14.4
10/17/2013 0:00,2.17,14.2
10/18/2013 0:00,2.21,14.8
10/19/2013 0:00,2.21,15.1
10/20/2013 0:00,2.21,15.1
10/21/2013 0:00,2.21,15.2
10/22/2013 0:00,2.21,15.6
10/23/2013 0:00,2.17,15.7
10/24/2013 0:00,2.17,15.0
10/25/2013 0:00,2.14,14.5
10/26/2013 0:00,2.14,14.7
10/27/2013 0:00,2.17,14.5
10/28/2013 0:00,2.14,13.2
10/29/2013 0:00,2.14,13.5
10/30/2013 0:00,2.17,15.6
10/31/2013 0:00,2.28,14.0
11/1/2013 0:00,2.28,15.2
11/2/2013 0:00,2.28,13.6
11/3/2013 0:00,2.28,13.7
11/4/2013 0:00,2.28,11.4
11/5/2013 0:00,2.31,12.0
11/6/2013 0:00,2.35,13.3
11/7/2013 0:00,2.35,14.2
11/8/2013 0:00,2.35,15.6
11/9/2013 0:00,2.35,14.2
11/10/2013 0:00,2.31,15.0
11/11/2013 0:00,2.31,14.3
11/12/2013 0:00,2.28,14.4
11/13/2013 0:00,2.24,15.2
11/14/2013 0:00,2.24,12.7
11/15/2013 0:00,2.24,12.4
11/16/2013 0:00,2.24,13.2
11/17/2013 0:00,2.28,13.0
11/18/2013 0:00,2.31,10.6
11/19/2013 0:00,3.1,13.5
11/20/2013 0:00,4.28,13.4
11/21/2013 0:00,5.52,10.9
11/22/2013 0:00,4.81,8.5
11/23/2013 0:00,4.06,11.6
11/24/2013 0:00,3.56,11.2
11/25/2013 0:00,3.24,10.0
11/26/2013 0:00,3.06,9.3
11/27/2013 0:00,2.96,9.8
11/28/2013 0:00,2.88,10.2
11/29/2013 0:00,2.85,9.8
11/30/2013 0:00,2.81,9.3
12/1/2013 0:00,2.78,8.5
12/2/2013 0:00,2.81,10.6
12/3/2013 0:00,2.92,9.2
12/4/2013 0:00,2.92,7.5
12/5/2013 0:00,2.85,5.4
12/6/2013 0:00,2.78,6.7
12/7/2013 0:00,2.88,5.9
12/8/2013 0:00,2.81,5.6
12/9/2013 0:00,2.56,2.9
12/10/2013 0:00,2.74,4.6
12/11/2013 0:00,2.85,6.1
12/12/2013 0:00,2.92,7.0
12/13/2013 0:00,2.92,8.1
12/14/2013 0:00,2.92,6.8
12/15/2013 0:00,2.92,7.4
12/16/2013 0:00,2.92,7.7
12/17/2013 0:00,2.92,8.1
12/18/2013 0:00,2.96,7.2
12/19/2013 0:00,2.96,8.2
12/20/2013 0:00,2.88,8.4
12/21/2013 0:00,2.85,8.4
12/22/2013 0:00,2.92,8.4
12/23/2013 0:00,2.88,10.0
12/24/2013 0:00,2.85,9.8
12/25/2013 0:00,2.81,9.7
12/26/2013 0:00,2.71,9.7
12/27/2013 0:00,2.67,9.6
12/28/2013 0:00,2.71,9.4
12/29/2013 0:00,2.63,9.3
12/30/2013 0:00,2.67,9.2
12/31/2013 0:00,2.67,9.1
1/1/2014 0:00,2.67,9.0
1/2/2014 0:00,2.6,8.9
1/3/2014 0:00,2.63,9.1
1/4/2014 0:00,2.6,8.3
1/5/2014 0:00,2.56,8.9
1/6/2014 0:00,2.53,6.1
1/7/2014 0:00,2.6,7.5
1/8/2014 0:00,2.56,10.1
1/9/2014 0:00,2.63,11.5
1/10/2014 0:00,2.71,9.0
1/11/2014 0:00,3.03,9.6
1/12/2014 0:00,3.63,9.9
1/13/2014 0:00,3.85,9.9
1/14/2014 0:00,3.56,10.0
1/15/2014 0:00,3.28,9.5
1/16/2014 0:00,3.1,9.3
1/17/2014 0:00,2.92,9.5
1/18/2014 0:00,2.88,9.4
1/19/2014 0:00,2.88,9.2
1/20/2014 0:00,2.81,9.1
1/21/2014 0:00,2.74,9.0
1/22/2014 0:00,2.63,8.9
1/23/2014 0:00,2.6,9.3
1/24/2014 0:00,2.6,9.8
1/25/2014 0:00,2.6,10.2
1/26/2014 0:00,2.56,10.9
1/27/2014 0:00,2.49,11.4
1/28/2014 0:00,2.53,11.9
1/29/2014 0:00,2.92,12.0
1/30/2014 0:00,3.63,12.0
1/31/2014 0:00,4.42,10.2
2/1/2014 0:00,3.95,9.8
2/2/2014 0:00,3.49,9.7
2/3/2014 0:00,3.24,8.9
2/4/2014 0:00,3.1,7.9
2/5/2014 0:00,2.99,7.9
2/6/2014 0:00,3.21,9.9
2/7/2014 0:00,4.63,9.5
2/8/2014 0:00,10.66,9.5
2/9/2014 0:00,25.36,9.5
2/10/2014 0:00,36.78,11.1
2/11/2014 0:00,22.61,11.4
2/12/2014 0:00,15.87,10.9
2/13/2014 0:00,18.05,12.0
2/14/2014 0:00,22.01,12.4
2/15/2014 0:00,22.9,11.1
2/16/2014 0:00,30.14,10.5
2/17/2014 0:00,25.93,10.6
2/18/2014 0:00,19.9,10.6
2/19/2014 0:00,17.44,9.8
2/20/2014 0:00,15.19,10.2
2/21/2014 0:00,13.48,10.7
2/22/2014 0:00,12.16,11.6
2/23/2014 0:00,11.09,11.6
2/24/2014 0:00,10.2,12.2
2/25/2014 0:00,9.48,12.8
2/26/2014 0:00,9.34,13.8
2/27/2014 0:00,14.12,11.0
2/28/2014 0:00,28.5,11.6
3/1/2014 0:00,25.68,12.1
3/2/2014 0:00,23.01,12.1
3/3/2014 0:00,31.68,11.8
3/4/2014 0:00,119.91,10.7
3/5/2014 0:00,65.32,12.4
3/6/2014 0:00,94.22,10.2
3/7/2014 0:00,81.74,11.7
3/8/2014 0:00,54.98,11.5
3/9/2014 0:00,55.69,11.4
3/10/2014 0:00,152.74,10.2
3/11/2014 0:00,109.21,10.9
3/12/2014 0:00,68.18,10.5
3/13/2014 0:00,50.34,10.8
3/14/2014 0:00,40.35,11.0
3/15/2014 0:00,33.96,11.1
3/16/2014 0:00,29.5,11.1
3/17/2014 0:00,26.97,11.1
3/18/2014 0:00,24.58,10.7
3/19/2014 0:00,22.51,11.4
3/20/2014 0:00,20.87,11.5
3/21/2014 0:00,19.3,11.7
3/22/2014 0:00,17.87,11.8
3/23/2014 0:00,16.66,12.1
3/24/2014 0:00,15.73,12.9
3/25/2014 0:00,16.23,12.9
3/26/2014 0:00,19.9,12.7
3/27/2014 0:00,24.61,12.5
3/28/2014 0:00,29.75,10.5
3/29/2014 0:00,184.13,7.8
3/30/2014 0:00,124.55,8.4
3/31/2014 0:00,81.02,9.1
4/1/2014 0:00,68.89,10.2
4/2/2014 0:00,59.61,11.0
4/3/2014 0:00,53.55,10.8
4/4/2014 0:00,48.55,11.3
4/5/2014 0:00,43.92,11.5
4/6/2014 0:00,39.63,12.0
4/7/2014 0:00,36.07,12.4
4/8/2014 0:00,33.43,13.1
4/9/2014 0:00,30.89,12.9
4/10/2014 0:00,28.5,13.1
4/11/2014 0:00,26.54,13.3
4/12/2014 0:00,24.83,12.8
4/13/2014 0:00,23.04,12.7
4/14/2014 0:00,21.58,12.6
4/15/2014 0:00,20.37,12.3
4/16/2014 0:00,19.12,12.4
4/17/2014 0:00,18.3,12.0
4/18/2014 0:00,17.48,12.4
4/19/2014 0:00,16.62,12.0
4/20/2014 0:00,15.87,12.0
4/21/2014 0:00,15.19,11.9
4/22/2014 0:00,14.91,11.9
4/23/2014 0:00,14.52,11.2
4/24/2014 0:00,14.62,11.7
4/25/2014 0:00,14.77,12.1
4/26/2014 0:00,14.48,12.5
4/27/2014 0:00,13.94,12.9
4/28/2014 0:00,13.23,12.1
4/29/2014 0:00,12.55,13.0
4/30/2014 0:00,11.88,14.1
5/1/2014 0:00,11.23,17.9
5/2/2014 0:00,10.77,17.7
5/3/2014 0:00,10.41,16.8
5/4/2014 0:00,10.16,16.7
5/5/2014 0:00,10.09,15.3
5/6/2014 0:00,9.84,15.5
5/7/2014 0:00,9.56,16.3
5/8/2014 0:00,9.34,16.4
5/9/2014 0:00,9.81,16.1
5/10/2014 0:00,9.63,17.0
5/11/2014 0:00,9.16,17.8
5/12/2014 0:00,8.77,17.6
5/13/2014 0:00,8.38,18.9
5/14/2014 0:00,7.92,19.3
5/15/2014 0:00,7.56,20.6
5/16/2014 0:00,7.27,18.7
5/17/2014 0:00,7.06,18.7
5/18/2014 0:00,6.88,18.3
5/19/2014 0:00,6.84,17.4
5/20/2014 0:00,6.77,17.9
5/21/2014 0:00,6.84,18.9
5/22/2014 0:00,6.67,19.6
5/23/2014 0:00,6.27,19.7
5/24/2014 0:00,5.99,19.8
5/25/2014 0:00,5.7,19.7
5/26/2014 0:00,5.52,19.8
5/27/2014 0:00,5.35,19.2
5/28/2014 0:00,5.24,18.6
5/29/2014 0:00,5.13,18.7
5/30/2014 0:00,5.03,19.3
5/31/2014 0:00,4.88,19.8
6/1/2014 0:00,4.74,20.4
6/2/2014 0:00,4.56,21.0
6/3/2014 0:00,4.38,21.4
6/4/2014 0:00,4.28,21.5
6/5/2014 0:00,4.13,21.9
6/6/2014 0:00,3.92,22.3
6/7/2014 0:00,3.78,22.8
6/8/2014 0:00,3.6,23.2
6/9/2014 0:00,3.46,23.7
6/10/2014 0:00,3.35,23.5
6/11/2014 0:00,3.24,23.1
6/12/2014 0:00,3.13,22.1
6/13/2014 0:00,3.06,21.3
6/14/2014 0:00,3.06,20.8
6/15/2014 0:00,3.03,20.7
6/16/2014 0:00,2.96,20.4
6/17/2014 0:00,2.92,20.1
6/18/2014 0:00,2.88,20.6
6/19/2014 0:00,2.81,21.0
6/20/2014 0:00,2.74,21.4
6/21/2014 0:00,2.67,21.4
6/22/2014 0:00,2.56,21.6
6/23/2014 0:00,2.49,21.8
6/24/2014 0:00,2.42,22.0
6/25/2014 0:00,2.42,21.2
6/26/2014 0:00,2.6,21.3
6/27/2014 0:00,2.63,21.7
6/28/2014 0:00,2.63,22.2
6/29/2014 0:00,2.46,22.7
6/30/2014 0:00,2.31,23.6
7/1/2014 0:00,2.21,24.4
7/2/2014 0:00,2.06,24.5
7/3/2014 0:00,1.96,24.0
7/4/2014 0:00,1.85,23.8
7/5/2014 0:00,1.78,23.9
7/6/2014 0:00,1.67,24.0
7/7/2014 0:00,1.6,24.7
7/8/2014 0:00,1.56,24.4
7/9/2014 0:00,1.56,25.3
7/10/2014 0:00,1.53,25.9
7/11/2014 0:00,1.46,25.6
7/12/2014 0:00,1.39,25.4
7/13/2014 0:00,1.31,25.4
7/14/2014 0:00,1.28,25.5
7/15/2014 0:00,1.24,26.0
7/16/2014 0:00,1.21,25.7
7/17/2014 0:00,1.14,25.8
7/18/2014 0:00,1.1,26.0
7/19/2014 0:00,1.06,26.2
7/20/2014 0:00,1.03,26.4
7/21/2014 0:00,0.99,25.6
7/22/2014 0:00,0.99,25.1
7/23/2014 0:00,0.96,24.1
7/24/2014 0:00,0.96,24.2
7/25/2014 0:00,0.96,24.3
7/26/2014 0:00,0.92,24.5
7/27/2014 0:00,0.89,25.0
7/28/2014 0:00,0.85,25.5
7/29/2014 0:00,0.81,25.6
7/30/2014 0:00,0.78,25.4
7/31/2014 0:00,0.74,25.5
8/1/2014 0:00,0.74,25.3
8/2/2014 0:00,0.71,25.4
8/3/2014 0:00,0.67,25.5
8/4/2014 0:00,0.67,25.2
8/5/2014 0:00,0.67,24.7
8/6/2014 0:00,0.67,24.8
8/7/2014 0:00,0.67,24.5
8/8/2014 0:00,0.67,24.2
8/9/2014 0:00,0.67,24.3
8/10/2014 0:00,0.67,24.8
8/11/2014 0:00,0.64,24.9
8/12/2014 0:00,0.64,23.9
8/13/2014 0:00,0.6,23.9
8/14/2014 0:00,0.6,23.6
8/15/2014 0:00,0.6,23.9
8/16/2014 0:00,0.6,24.1
8/17/2014 0:00,0.6,24.2
8/18/2014 0:00,0.6,24.4
8/19/2014 0:00,0.64,24.5
8/20/2014 0:00,0.64,24.4
8/21/2014 0:00,0.64,24.0
8/22/2014 0:00,0.64,23.6
8/23/2014 0:00,0.64,23.7
8/24/2014 0:00,0.64,23.5
8/25/2014 0:00,0.64,23.2
8/26/2014 0:00,0.64,23.6
8/27/2014 0:00,0.64,23.7
8/28/2014 0:00,0.64,23.8
8/29/2014 0:00,0.64,23.4
8/30/2014 0:00,0.64,22.7
8/31/2014 0:00,0.6,22.7
9/1/2014 0:00,0.6,22.5
9/2/2014 0:00,0.6,22.7
9/3/2014 0:00,0.6,22.2
9/4/2014 0:00,0.6,21.7
9/5/2014 0:00,0.57,21.6
9/6/2014 0:00,0.57,21.6
9/7/2014 0:00,0.57,21.7
9/8/2014 0:00,0.53,21.1
9/9/2014 0:00,0.53,21.3
9/10/2014 0:00,0.53,21.5
9/11/2014 0:00,0.53,21.5
9/12/2014 0:00,0.53,21.5
9/13/2014 0:00,0.53,21.3
9/14/2014 0:00,0.53,21.5
9/15/2014 0:00,0.49,21.5
9/16/2014 0:00,0.49,21.0
9/17/2014 0:00,0.49,20.7
9/18/2014 0:00,0.53,20.6
9/19/2014 0:00,0.57,21.5
9/20/2014 0:00,0.6,21.9
9/21/2014 0:00,0.64,22.0
9/22/2014 0:00,0.67,21.7
9/23/2014 0:00,0.67,21.2
9/24/2014 0:00,0.71,20.5
9/25/2014 0:00,1.21,19.4
9/26/2014 0:00,1.71,19.5
9/27/2014 0:00,1.67,19.6
9/28/2014 0:00,1.46,19.4
9/29/2014 0:00,1.31,19.5
9/30/2014 0:00,1.17,19.7
10/1/2014 0:00,1.14,18.9
10/2/2014 0:00,1.06,18.5
10/3/2014 0:00,1.06,18.4
10/4/2014 0:00,1.03,18.6
10/5/2014 0:00,1.03,18.7
10/6/2014 0:00,1.03,18.8
10/7/2014 0:00,1.03,18.4
10/8/2014 0:00,0.99,18.0
10/9/2014 0:00,0.99,17.9
10/10/2014 0:00,0.99,17.5
10/11/2014 0:00,0.99,17.4
10/12/2014 0:00,0.99,17.7
10/13/2014 0:00,0.99,17.1
10/14/2014 0:00,1.03,16.4
10/15/2014 0:00,1.39,16.3
10/16/2014 0:00,1.56,16.3
10/17/2014 0:00,1.81,16.2
10/18/2014 0:00,1.81,16.7
10/19/2014 0:00,1.74,16.8
10/20/2014 0:00,1.74,16.9
10/21/2014 0:00,1.92,16.2
10/22/2014 0:00,2.06,15.7
10/23/2014 0:00,3.49,15.3
10/24/2014 0:00,8.24,15.0
10/25/2014 0:00,9.06,15.1
10/26/2014 0:00,11.55,13.9
10/27/2014 0:00,8.77,13.7
10/28/2014 0:00,6.27,13.4
10/29/2014 0:00,4.88,14.1
10/30/2014 0:00,4.13,14.8
10/31/2014 0:00,4.17,14.7
11/1/2014 0:00,4.56,14.3
11/2/2014 0:00,5.1,13.3
11/3/2014 0:00,4.53,12.7
11/4/2014 0:00,3.99,12.9
11/5/2014 0:00,3.63,13.2
11/6/2014 0:00,3.42,13.7
11/7/2014 0:00,3.21,14.5
11/8/2014 0:00,3.06,14.5
11/9/2014 0:00,2.99,14.4
11/10/2014 0:00,2.92,14.2
11/11/2014 0:00,2.85,13.3
11/12/2014 0:00,2.81,12.9
11/13/2014 0:00,3.13,13.1
11/14/2014 0:00,3.31,13.4
11/15/2014 0:00,3.46,13.4
11/16/2014 0:00,3.46,12.5
11/17/2014 0:00,3.28,10.8
11/18/2014 0:00,3.06,9.9
11/19/2014 0:00,3.21,9.9
11/20/2014 0:00,4.24,10.2
11/21/2014 0:00,5.63,10.6
11/22/2014 0:00,18.33,11.0
11/23/2014 0:00,23.4,10.4
11/24/2014 0:00,14.16,9.9
11/25/2014 0:00,9.98,9.9
11/26/2014 0:00,7.95,10.2
11/27/2014 0:00,6.81,10.5
11/28/2014 0:00,6.2,10.5
11/29/2014 0:00,9.13,10.9
11/30/2014 0:00,17.16,11.0
12/1/2014 0:00,16.59,10.9
12/2/2014 0:00,14.62,10.8
12/3/2014 0:00,17.94,11.0
12/4/2014 0:00,48.55,11.0
12/5/2014 0:00,34.5,11.0
12/6/2014 0:00,58.19,11.0
12/7/2014 0:00,46.77,10.4
12/8/2014 0:00,41.42,10.9
12/9/2014 0:00,45.34,11.1
12/10/2014 0:00,41.06,11.3
12/11/2014 0:00,282.61,11.2
12/12/2014 0:00,196.62,10.6
12/13/2014 0:00,91.73,10.0
12/14/2014 0:00,56.4,9.4
12/15/2014 0:00,46.77,9.2
12/16/2014 0:00,47.13,8.8
12/17/2014 0:00,55.69,9.0
12/18/2014 0:00,65.68,9.3
12/19/2014 0:00,120.98,9.7
12/20/2014 0:00,153.09,9.8
12/21/2014 0:00,165.22,10.5
12/22/2014 0:00,132.76,11.1
12/23/2014 0:00,98.86,11.0
12/24/2014 0:00,79.59,10.3
12/25/2014 0:00,69.6,8.6
12/26/2014 0:00,57.12,7.7
12/27/2014 0:00,49.27,7.0
12/28/2014 0:00,43.56,7.0
12/29/2014 0:00,39.63,7.0
12/30/2014 0:00,36.07,6.6
12/31/2014 0:00,33.03,5.3
1/1/2015 0:00,30.89,4.6
1/2/2015 0:00,29.11,4.5
1/3/2015 0:00,27.47,4.7
1/4/2015 0:00,25.93,5.3
1/5/2015 0:00,24.61,5.9
1/6/2015 0:00,23.15,6.2
1/7/2015 0:00,22.04,6.4
1/8/2015 0:00,21.08,6.5
1/9/2015 0:00,20.19,7.1
1/10/2015 0:00,19.19,7.5
1/11/2015 0:00,18.37,8.0
1/12/2015 0:00,17.48,8.5
1/13/2015 0:00,16.83,8.7
1/14/2015 0:00,16.3,7.7
1/15/2015 0:00,15.8,7.6
1/16/2015 0:00,18.8,8.5
1/17/2015 0:00,19.69,9.3
1/18/2015 0:00,24.51,10.0
1/19/2015 0:00,26.18,9.7
1/20/2015 0:00,23.61,8.5
1/21/2015 0:00,21.83,7.6
1/22/2015 0:00,20.44,7.4
1/23/2015 0:00,19.08,7.4
1/24/2015 0:00,17.94,7.6
